{
  "test_loss": 0.7302303969860077,
  "accuracy": 0.6388888888888888,
  "macro_precision": 0.615635521885522,
  "macro_recall": 0.6388888888888888,
  "macro_f1": 0.6216883474947991,
  "per_class": {
    "N0": {
      "precision": 0.7361111111111112,
      "recall": 0.8833333333333333,
      "f1-score": 0.803030303030303,
      "support": 60.0
    },
    "N75": {
      "precision": 0.45454545454545453,
      "recall": 0.3333333333333333,
      "f1-score": 0.38461538461538464,
      "support": 60.0
    },
    "NFull": {
      "precision": 0.65625,
      "recall": 0.7,
      "f1-score": 0.6774193548387096,
      "support": 60.0
    }
  },
  "confusion_matrix": [
    [
      53,
      6,
      1
    ],
    [
      19,
      20,
      21
    ],
    [
      0,
      18,
      42
    ]
  ]
}