{
  "test_loss": 0.8438010745578342,
  "accuracy": 0.6055555555555555,
  "macro_precision": 0.5837960095350714,
  "macro_recall": 0.6055555555555555,
  "macro_f1": 0.5783794700288191,
  "per_class": {
    "N0": {
      "precision": 0.6162790697674418,
      "recall": 0.8833333333333333,
      "f1-score": 0.726027397260274,
      "support": 60.0
    },
    "N75": {
      "precision": 0.45714285714285713,
      "recall": 0.26666666666666666,
      "f1-score": 0.3368421052631579,
      "support": 60.0
    },
    "NFull": {
      "precision": 0.6779661016949152,
      "recall": 0.6666666666666666,
      "f1-score": 0.6722689075630253,
      "support": 60.0
    }
  },
  "confusion_matrix": [
    [
      53,
      5,
      2
    ],
    [
      27,
      16,
      17
    ],
    [
      6,
      14,
      40
    ]
  ]
}