{
  "best_val_macro_f1": 0.7054231528677044,
  "epochs_completed": 40,
  "training_seconds": 939.7080969000017,
  "parameter_count": 5524995,
  "trainable_parameter_count": 5524995
}